{
  "format_version": "1.20.50",
  "minecraft:item": {
    "description": {
      "identifier": "matscraft:nando_pickaxe",
      "menu_category": {
        "category": "construction"
      }
    },
    "components": {
      "minecraft:max_stack_size": 64,
      "minecraft:icon": {
        "texture": "nando_pickaxe"
      },
      "minecraft:damage": 3,
      "minecraft:digger": {
        "destroy_speeds": [
          {
            "speed": 7,
            "block": {
              "tags": "query.any_tag('stone')"
            }
          },
          {
            "speed": 7,
            "block": {
              "tags": "query.any_tag('metal')"
            }
          }
        ]
      },
      "minecraft:hand_equipped": true,
      "minecraft:enchantable": {
        "slot": "pickaxe",
        "value": 14
      },
      "minecraft:durability": {
        "max_durability": 251
      },
      "minecraft:display_name": {
        "value": "Nando Pickaxe"
      }
    }
  }
}
