{
  "format_version": "1.13.0",
  "minecraft:feature_rules": {
    "description": {
      "identifier": "matscraft:overworld_underground_legendary_mats_ore_feature",
      "places_feature": "matscraft:legendary_mats_ore_feature"
    },
    "conditions": {
      "placement_pass": "underground_pass",
      "minecraft:biome_filter": {
        "any_of": [
          { "test": "has_biome_tag", "operator": "==", "value": "overworld" }
        ]
      }
    },
    "distribution": {
      "iterations": 1,
      "coordinate_eval_order": "zyx",
      "x": { "distribution": "uniform", "extent": [0, 16] },
      "y": { "distribution": "uniform", "extent": [-59, -32] },
      "z": { "distribution": "uniform", "extent": [0, 16] }
    }
  }
}
