{
  "format_version": "1.19.0",
  "minecraft:biome": {
    "description": {
      "identifier": "minecraft:plains"
    },
    "components": {
      "minecraft:features": {
        "features": [
          {
            "feature": "matscraft:common_mats_ore_feature",
            "chance": 1.0
          },
          {
            "feature": "matscraft:uncommon_mats_ore_feature",
            "chance": 0.8
          },
          {
            "feature": "matscraft:rare_mats_ore_feature",
            "chance": 0.6
          },
          {
            "feature": "matscraft:epic_mats_ore_feature",
            "chance": 0.2
          },
          {
            "feature": "matscraft:legendary_mats_ore_feature",
            "chance": 0.05
          }
        ]
      }
    }
  }
}
