{
  "format_version": "1.20.20",
  "minecraft:block": {
    "description": {
      "identifier": "matscraft:legendary_mats_ore",
      "menu_category": {
        "category": "nature",
        "group": "itemGroup.name.ore"
      }
    },
    "components": {
      "minecraft:display_name": "Legendary Mats Ore",
      "minecraft:collision_box": true,
      "minecraft:selection_box": true,
      "minecraft:destructible_by_mining": {
        "seconds_to_destroy": 3
      },
      "minecraft:destructible_by_explosion": {
        "explosion_resistance": 30
      },
      "minecraft:geometry": "geometry.legendary_mats_ore",
      "minecraft:material_instances": {
        "*": {
          "texture": "legendary_mats_ore",
          "render_method": "alpha_test"
        }
      },
      "minecraft:map_color": "#ffffff",
      "minecraft:loot": "loot_tables/blocks/legendary_mats_ore.json"
    }
  }
}
